Title,Price,Available_Colors,Available_Size,Item_Context,Url
Loose Jeans,2199,Dark blue,"28/32,30/32,32/32,33/32,34/32,36/32",None,https://eg.hm.com/en/buy-loose-jeans-dark-blue.html
Regular Fit Cable-knit jumper,1999,White,"S,M,L",None,https://eg.hm.com/en/buy-regular-fit-cable-knit-jumper-white.html
Loose Fit Overshirt,2799,Bright blue,"S,M,L,XL",None,https://eg.hm.com/en/buy-loose-fit-overshirt-bright-blue.html
Regular Fit Ripstop cargo trousers,1999,White,"S,M,L,XL,XXL",Casual,https://eg.hm.com/en/buy-regular-fit-ripstop-cargo-trousers-white.html
Regular Fit Wool-blend jacket,2999,Dark blue,S,None,https://eg.hm.com/en/buy-regular-fit-wool-blend-jacket-dark-blue.html
Relaxed Fit Overshirt,2199,Dark green/Black,"XS,S,M,L,XL,XXL",Casual,https://eg.hm.com/en/buy-relaxed-fit-overshirt-dark-green-black.html
Relaxed Fit Worker trousers,2799,Black,"029,30,031,32,33,34,36",None,https://eg.hm.com/en/buy-relaxed-fit-worker-trousers-black-0.html
Relaxed Fit Worker trousers,1699,Black,"029,031,32",None,https://eg.hm.com/en/buy-relaxed-fit-worker-trousers-black.html
Regular Fit Denim overshirt,1999,Dark denim blue,"XS,S,M,L,XL",None,https://eg.hm.com/en/buy-regular-fit-denim-overshirt.html
Relaxed Fit Flannel shirt,1199,Orange/Checked,"S,M,L,XL",Casual,https://eg.hm.com/en/buy-relaxed-fit-flannel-shirt-orange-checked.html
Loose Fit Wool cardigan,2999,Dark beige,"XS,S,M,L,XXL",None,https://eg.hm.com/en/buy-loose-fit-wool-cardigan-dark-beige.html
Regular Fit Windbreaker,1699,Cream,"S,M,L,XL,XXL",None,https://eg.hm.com/en/buy-regular-fit-windbreaker-cream.html
Relaxed Fit Trousers,1699,Beige,"28,30,031,32,33,34,38",None,https://eg.hm.com/en/buy-relaxed-fit-trousers-beige.html
Relaxed Fit Tailored trousers,2799,Greige,"28,33,34",None,https://eg.hm.com/en/buy-relaxed-fit-tailored-trousers-greige.html
Regular Fit Windbreaker,1999,Black,"S,M,L,XL",None,https://eg.hm.com/en/buy-regular-fit-windbreaker-black.html
Relaxed Fit Appliquéd sweatshirt,899,Cream,"XS,M,L,XL,XXL",None,https://eg.hm.com/en/buy-relaxed-fit-appliqued-sweatshirt-cream.html
Slim Fit Cotton chinos,1999,Dark blue,"30/32,31/32,32/30,33/32,33/34,34/32,34/34,36/34",None,https://eg.hm.com/en/buy-slim-fit-cotton-chinos-dark-blue-0.html
Cargo joggers,2199,Dark beige,"S,M,L",None,https://eg.hm.com/en/buy-cargo-joggers-dark-beige-0.html
Regular Fit Tailored twill trousers,2199,Dark grey,"029,30,32,34",None,https://eg.hm.com/en/buy-regular-fit-tailored-twill-trousers-dark-grey.html
Collared jacket,2999,Black,"S,M,L,XL",None,https://eg.hm.com/en/buy-collared-jacket-black.html
Loose Fit Baseball jacket,3299,Beige,L,None,https://eg.hm.com/en/buy-loose-fit-baseball-jacket-beige.html
Loose Jeans,2499,Denim blue,"30/32,33/32,34/32,36/32,38/32",Casual,https://eg.hm.com/en/buy-loose-jeans-denim-blue-0.html
Regular Fit Tailored twill trousers,2199,Black,"029,30,031,32,33,34",None,https://eg.hm.com/en/buy-regular-fit-tailored-twill-trousers-black.html
Loose Fit Bomber jacket,3999,Black,"S,L,XL,XXL",None,https://eg.hm.com/en/buy-loose-fit-bomber-jacket-black.html
Baggy Jeans,1999,Light denim blue,"28/30,29/30,30/32,31/32,32/32,33/32,34/32,36/32",Casual,https://eg.hm.com/en/buy-baggy-jeans-light-denim-blue.html
Round-neck T-shirt Slim fit,499,Dark blue,"XS,S,M,L,XL,XXL",None,https://eg.hm.com/en/buy-round-neck-t-shirt-slim-fit-dark-blue.html
Slim Fit Jacket,4499,Beige,"46,48,50,52,54",None,https://eg.hm.com/en/buy-slim-fit-jacket-beige.html
Relaxed Fit Cotton cargo joggers,2799,Black,"XS,S,M,L,XL",Casual,https://eg.hm.com/en/buy-relaxed-fit-cotton-cargo-joggers-black.html
Relaxed Fit Polo shirt,499,Dark blue,"XS,S,M,L",None,https://eg.hm.com/en/buy-relaxed-fit-polo-shirt-dark-blue.html
Regular Fit Denim overshirt,1999,Denim blue,"XS,S,M,L,XL",Casual,https://eg.hm.com/en/buy-regular-fit-denim-overshirt-denim-blue.html
Relaxed Fit Waffled shirt,999,Beige,"S,M,L,XL,XXL",None,https://eg.hm.com/en/buy-relaxed-fit-waffled-shirt-beige.html
Regular Fit Overshirt,2499,Brown,"S,M,L,XL",None,https://eg.hm.com/en/buy-regular-fit-overshirt-brown.html
Loose Fit Overshirt,2499,Dark brown,"S,M,L,XL",None,https://eg.hm.com/en/buy-loose-fit-overshirt-dark-brown.html
Regular Fit Ripstop cargo trousers,2499,Dark brown,"S,M,XL",None,https://eg.hm.com/en/buy-regular-fit-ripstop-cargo-trousers-dark-brown.html
Regular Fit Corduroy shirt,899,Brown,M,None,https://eg.hm.com/en/buy-regular-fit-corduroy-shirt-brown.html
Lightweight puffer jacket,1699,Navy blue,"XS,S,XXL",None,https://eg.hm.com/en/buy-lightweight-puffer-jacket.html
Oversized Fit Half-zip sweatshirt,1099,Black,"S,L,XL",None,https://eg.hm.com/en/buy-oversized-fit-half-zip-sweatshirt-black.html
THERMOLITE® Relaxed Fit Zip-through hoodie,1499,Brown,"S,M,L",None,https://eg.hm.com/en/buy-thermoliter-relaxed-fit-zip-through-hoodie-brown.html
Regular Fit Corduroy shirt,749,Light beige,"L,XXL",None,https://eg.hm.com/en/buy-regular-fit-corduroy-shirt-light-beige.html
Relaxed Fit Denim jacket,2499,Grey denim,"XS,S,M,L,XL",None,https://eg.hm.com/en/buy-relaxed-fit-denim-jacket-grey-denim.html
Oversized Fit Printed mesh T-shirt,599,White/Miami,"S,M,L,XL,XXL",None,https://eg.hm.com/en/buy-oversized-fit-printed-mesh-t-shirt-white-miami.html
Skinny Jeans,1499,Denim grey,"28/30,34/30,38/32",None,https://eg.hm.com/en/buy-skinny-jeans.html
Regular Fit Jersey top,599,Dark grey,"S,M,L,XL",None,https://eg.hm.com/en/buy-regular-fit-jersey-top-dark-grey.html
Cotton pyjamas,1199,Grey marl/Green,"S,M",None,https://eg.hm.com/en/buy-cotton-pyjamas-1.html
Cotton T-shirt Regular Fit,299,Light blue,"XS,S,M,L,XL,XXL",None,https://eg.hm.com/en/buy-cotton-t-shirt-regular-fit-light-blue-0.html
Loose Fit Hoodie,1099,Light pink,"XS,S,M,L,XL,XXL",None,https://eg.hm.com/en/buy-loose-fit-hoodie-light-pink.html
Relaxed Fit Overshirt,1999,Black/Brown checked,"S,M,L,XL",None,https://eg.hm.com/en/buy-relaxed-fit-overshirt-black-brown-checked.html
Oversized Fit hoodie,1499,Light greige,"XS,S,L,XL,XXL",None,https://eg.hm.com/en/buy-oversized-fit-hoodie-light-greige.html
Hooded top,1699,Dark purple/Rick and Morty,"XS,M,L,XL",Casual,https://eg.hm.com/en/buy-hooded-top-dark-purple-rick-and-morty.html
Oversized Fit Zip-through hoodie,1199,Dark blue,"XS,S,XL,XXL",None,https://eg.hm.com/en/buy-oversized-fit-zip-through-hoodie.html
Bootcut Loose Jeans,2999,Denim blue,"32/32,36/32",Casual,https://eg.hm.com/en/buy-bootcut-loose-jeans-denim-blue.html
3-pack Regular Fit T-shirts,749,Burgundy/Blue/Orange,L,None,https://eg.hm.com/en/buy-3-pack-regular-fit-t-shirts.html
Regular Fit Cargo trousers,2499,Beige,"XS,S,M",None,https://eg.hm.com/en/buy-regular-fit-cargo-trousers-beige.html
Loose Fit Appliquéd shirt,1699,Black/Looney Tunes,"S,M,L,XL",None,https://eg.hm.com/en/buy-loose-fit-appliqued-shirt-black-looney-tunes.html
Regular Fit Shacket,3299,Turquoise/Checked,"S,L,XL",None,https://eg.hm.com/en/buy-regular-fit-shacket-turquoise-checked.html
Relaxed Fit Corduroy shirt,899,Dark green,"XS,M,XXL",None,https://eg.hm.com/en/buy-relaxed-fit-corduroy-shirt-dark-green.html
Checked pyjama bottoms,899,Black/White checked,"M,L,XL",None,https://eg.hm.com/en/buy-checked-pyjama-bottoms-black-white-checked.html
Regular Fit Printed hoodie,1099,Light beige,"S,L",None,https://eg.hm.com/en/buy-regular-fit-printed-hoodie.html
Relaxed Fit Corduroy shirt,1099,Light greige,"S,M,L",None,https://eg.hm.com/en/buy-relaxed-fit-corduroy-shirt-light-greige.html
Relaxed Fit Printed jersey top,999,Beige/Snoopy,"S,M,L,XXL",None,https://eg.hm.com/en/buy-relaxed-fit-printed-jersey-top-beige-snoopy.html
Oversized Fit Half-zip sweatshirt,999,Light beige,M,Casual,https://eg.hm.com/en/buy-oversized-fit-half-zip-sweatshirt-light-beige.html
Loose Fit Sweatshirt,1499,Black/Worldwide,"XS,S,M",None,https://eg.hm.com/en/buy-loose-fit-sweatshirt-black-worldwide.html
Loose Fit Zip-through hoodie,1499,White/Flower,M,None,https://eg.hm.com/en/buy-loose-fit-zip-through-hoodie-white-flower.html
Regular Fit Denim shirt,1999,Black,"XS,S,M,L,XL",Casual,https://eg.hm.com/en/buy-regular-fit-denim-shirt-black.html
DryMove™ Printed sports T-shirt,799,Black,L,None,https://eg.hm.com/en/buy-drymovetm-printed-sports-t-shirt-black-0.html
DryMove™ Zip-top sports top,999,Dark khaki green,"M,L",None,https://eg.hm.com/en/buy-drymovetm-zip-top-sports-top-dark-khaki-green.html
Regular Fit Cargo trousers,1499,Dark grey,M,None,https://eg.hm.com/en/buy-regular-fit-cargo-trousers-dark-grey.html
Oversized Fit Short-sleeved rugby shirt,649,Orange/Block-coloured,L,None,https://eg.hm.com/en/buy-oversized-fit-short-sleeved-rugby-shirt-orange-block-coloured.html
Pyjama bottoms,799,Blue/Checked,"S,M,L,XL",None,https://eg.hm.com/en/buy-pyjama-bottoms-0.html
DryMove™ Sports joggers,2199,Black,"M,L,XL",None,https://eg.hm.com/en/buy-drymovetm-sports-joggers-black-1.html
Regular Fit Muslin resort shirt,999,Black,"S,M,L,XL,XXL",None,https://eg.hm.com/en/buy-regular-fit-muslin-resort-shirt-black.html
Regular Fit Linen-blend shirt,1199,Light yellow/White striped,"XS,M,L,XL",Casual,https://eg.hm.com/en/buy-regular-fit-linen-blend-shirt-light-yellow-white-striped.html
Regular Fit Muslin resort shirt,999,Cream,"S,M,L",None,https://eg.hm.com/en/buy-regular-fit-muslin-resort-shirt-cream.html
Relaxed Fit Tailored trousers,2199,Dark grey,"28,029,30,031,32,33,34,36",None,https://eg.hm.com/en/buy-relaxed-fit-tailored-trousers-dark-grey.html
Regular Fit Corduroy trousers,2499,Sage green,"029,30,031,32,34,36",None,https://eg.hm.com/en/buy-regular-fit-corduroy-trousers-sage-green.html
Skinny Fit Cargo trousers,2199,Black,"XS,S",None,https://eg.hm.com/en/buy-skinny-fit-cargo-trousers-black.html
Regular Fit Muslin resort shirt,899,Brown,"XS,S,M,XL,XXL",None,https://eg.hm.com/en/buy-regular-fit-muslin-resort-shirt-brown.html
Regular Fit Cropped trousers,1699,Beige,"29,30,32,33",None,https://eg.hm.com/en/buy-regular-fit-cropped-trousers-beige.html
DryMove™ Zip-through sports hoodie,2799,Dark grey/Block-coloured,"S,M,XL",None,https://eg.hm.com/en/buy-drymovetm-zip-through-sports-hoodie-dark-grey-block-coloured.html
Regular Fit Muslin resort shirt,999,Beige,"XL,XXL",None,https://eg.hm.com/en/buy-regular-fit-muslin-resort-shirt-beige.html
Relaxed Fit Corduroy shirt,1099,Dark brown,L,None,https://eg.hm.com/en/buy-relaxed-fit-corduroy-shirt-dark-brown.html
Slim Fit Nylon cargo joggers,2199,Black,"XS,S,M,L",None,https://eg.hm.com/en/buy-slim-fit-nylon-cargo-joggers-black.html
Regular Fit Wool jumper,2799,Dark blue,"M,XL,XXL",None,https://eg.hm.com/en/buy-regular-fit-wool-jumper-dark-blue.html
Regular Fit Cable-knit jumper,1999,Dark yellow,"S,M",None,https://eg.hm.com/en/buy-regular-fit-cable-knit-jumper-dark-yellow.html
Relaxed Fit Linen-blend trousers,1699,Black,34,Casual,https://eg.hm.com/en/buy-relaxed-fit-linen-blend-trousers-black.html
Relaxed Fit Zip-top sweatshirt,1499,Green,"XS,S,M,L,XL,XXL",None,https://eg.hm.com/en/buy-relaxed-fit-zip-top-sweatshirt-green.html
Relaxed Fit Hoodie,1699,Brown/Landscape,"XS,M,L,XL,XXL",None,https://eg.hm.com/en/buy-relaxed-fit-hoodie-brown-landscape.html
Regular Fit Ripstop cargo trousers,2499,Dark khaki green,"XS,S,M,L",None,https://eg.hm.com/en/buy-regular-fit-ripstop-cargo-trousers-dark-khaki-green.html
Loose Fit Zip-top sweatshirt,1699,Dark green,"S,M,L,XL,XXL",None,https://eg.hm.com/en/buy-loose-fit-zip-top-sweatshirt-dark-green.html
Regular Fit Wool jumper,2799,Dark beige,"XS,S,M,L,XL",None,https://eg.hm.com/en/buy-regular-fit-wool-jumper-dark-beige.html
DryMove™ Half-zip sweatshirt,1699,Black,"S,M,L,XL",None,https://eg.hm.com/en/buy-drymovetm-half-zip-sweatshirt-black.html
Relaxed Fit Hoodie,1199,Brown/Trees,M,None,https://eg.hm.com/en/buy-relaxed-fit-hoodie-brown-trees.html
Regular Fit Wool jumper,2799,Dark brown,XL,Casual,https://eg.hm.com/en/buy-regular-fit-wool-jumper-dark-brown.html
DryMove™ Sports joggers,1699,Grey marl,"S,M,L,XL",None,https://eg.hm.com/en/buy-drymovetm-sports-joggers-grey-marl.html
Slim Jeans,2499,Denim blue,"28/30,29/32,30/30,32/30,32/32,32/34,34/30,34/32,34/34",Casual,https://eg.hm.com/en/buy-slim-jeans-denim-blue-0.html
Relaxed Fit Jersey top,999,Blue/Striped,"XS,S,M,L,XL,XXL",None,https://eg.hm.com/en/buy-relaxed-fit-jersey-top-blue-striped.html
Relaxed Fit Appliquéd sweatshirt,899,Pink,"XS,S,M,L,XL,XXL",None,https://eg.hm.com/en/buy-relaxed-fit-appliqued-sweatshirt-pink.html
Regular Fit Windbreaker,1999,Green,"S,M,L,XL",None,https://eg.hm.com/en/buy-regular-fit-windbreaker-green.html
Baggy Jeans,2499,Dark denim blue,"30/32,31/32,32/32,33/32",None,https://eg.hm.com/en/buy-baggy-jeans-dark-denim-blue.html
Relaxed Fit Sweatshirt,999,Green/Peace symbol,"XS,S,M,L,XL",None,https://eg.hm.com/en/buy-relaxed-fit-sweatshirt-green-peace-symbol.html
Jacket Slim Fit,3999,Burgundy,"46,48,50,52,54",Work,https://eg.hm.com/en/buy-jacket-slim-fit-burgundy.html
Baggy Jeans,2499,Dark denim grey,"28/30,29/30,30/32,31/32,32/32,33/32,34/32,36/32",None,https://eg.hm.com/en/buy-baggy-jeans-dark-denim-grey-0.html
Regular Fit Joggers,899,Light grey marl,"S,M,L,XL",None,https://eg.hm.com/en/buy-regular-fit-joggers-light-grey-marl-0.html
Relaxed Fit Corduroy shirt,1199,Sage green,"M,L,XL",None,https://eg.hm.com/en/buy-relaxed-fit-corduroy-shirt-sage-green.html
Twill shacket,1699,Dusty green/Checked,"XS,S,M,L,XL",None,https://eg.hm.com/en/buy-twill-shacket-dusty-green-checked.html
Oversized Fit Overshirt,2999,Beige/Checked,"S,M,L,XL",Casual,https://eg.hm.com/en/buy-oversized-fit-overshirt-beige-checked.html
Relaxed Fit Nylon cargo joggers,1999,Khaki green,"M,XL",None,https://eg.hm.com/en/buy-relaxed-fit-nylon-cargo-joggers-khaki-green.html
Regular Fit Ribbed sweatshirt,1199,Black,"XS,S,M,L,XL",None,https://eg.hm.com/en/buy-regular-fit-ribbed-sweatshirt-black.html
Loose Fit Tailored twill trousers,1999,Beige,31,Casual,https://eg.hm.com/en/buy-loose-fit-tailored-twill-trousers-beige.html
Slim Denim shorts,799,Pale denim blue,32,None,https://eg.hm.com/en/buy-slim-denim-shorts-pale-denim-blue.html
Relaxed Fit Sweatshirt,1699,White/NASA,"M,XXL",Casual,https://eg.hm.com/en/buy-relaxed-fit-sweatshirt-white-nasa.html
Slim Fit Joggers,1699,Black,"S,M,L,XL,XXL",None,https://eg.hm.com/en/buy-slim-fit-joggers-black-1.html
Relaxed Fit Sweatshirt,649,Dark green,"XS,S,M,L,XL",Casual,https://eg.hm.com/en/buy-relaxed-fit-sweatshirt-dark-green-1.html
Oversized Fit Zip-through hoodie,1699,Beige,"M,L,XL,XXL",None,https://eg.hm.com/en/buy-oversized-fit-zip-through-hoodie-beige.html
Sports socks in DryMove™,599,Dark grey,"40/42,43/45",None,https://eg.hm.com/en/buy-sports-socks-drymovetm-dark-grey.html
Relaxed Fit Patterned shacket,1599,Khaki green/Patterned,M,Casual,https://eg.hm.com/en/buy-relaxed-fit-patterned-shacket-khaki-green-patterned.html
Hooded top,1699,Light green/Tom and Jerry,"XS,S,M,L,XL,XXL",None,https://eg.hm.com/en/buy-hooded-top-light-green-tom-and-jerry.html
Pyjamas,1499,Black/Checked,"S,M,L,XL",None,https://eg.hm.com/en/buy-pyjamas-black-checked.html
Relaxed Fit Sweatshirt,1699,Dark brown/The Simpsons,"XS,S,M,L,XL",None,https://eg.hm.com/en/buy-relaxed-fit-sweatshirt-dark-brown-simpsons.html
Slim Fit trousers,1199,Navy blue/Checked,"029,30,31,34,36",Casual,https://eg.hm.com/en/buy-slim-fit-trousers-navy-blue-checked.html
Regular Fit Patterned lyocell shirt,1999,Black,"S,M,L",None,https://eg.hm.com/en/buy-regular-fit-patterned-lyocell-shirt-black.html
Regular Jeans,1499,Dark denim blue,"28/30,30/30,31/30,32/30,33/30,34/30",None,https://eg.hm.com/en/buy-regular-jeans-dark-denim-blue.html
Regular Fit Joggers,899,Dark brown,"XS,S,M,L,XL,XXL",None,https://eg.hm.com/en/buy-regular-fit-joggers-dark-brown-0.html
Skinny Fit Cargo trousers,2199,Dark grey,"S,M,L,XL",None,https://eg.hm.com/en/buy-skinny-fit-cargo-trousers-dark-grey.html
Relaxed Fit Sweatshirt,1699,Bright blue/NASA,"XS,S,M,L,XL",None,https://eg.hm.com/en/buy-relaxed-fit-sweatshirt-bright-blue-nasa.html
Skinny Fit Cargo trousers,2199,Dark khaki green,"S,M,L,XL",None,https://eg.hm.com/en/buy-skinny-fit-cargo-trousers-dark-khaki-green.html
Relaxed Fit Cotton T-shirt,449,Black/Sculpture,"S,M,L,XL,XXL",Casual,https://eg.hm.com/en/buy-relaxed-fit-cotton-t-shirt-black-sculpture.html
Regular Fit Denim overshirt,2499,Black,"XS,M,L,XL",None,https://eg.hm.com/en/buy-regular-fit-denim-overshirt-black.html
Jersey lounge set,999,Black,"XS,M,L,XL",None,https://eg.hm.com/en/buy-jersey-lounge-set-black.html
Regular Fit Hoodie,899,Dark beige,"XS,S,M,L,XL",None,https://eg.hm.com/en/buy-regular-fit-hoodie-dark-beige.html
Relaxed Fit Printed jersey top,1099,White/Nirvana,"XS,S,M,XL",None,https://eg.hm.com/en/buy-relaxed-fit-printed-jersey-top-white-nirvana.html
Regular Fit Wool-blend overshirt,2999,Black,M,None,https://eg.hm.com/en/buy-regular-fit-wool-blend-overshirt-black.html
Relaxed Fit Hoodie,1199,Bright blue/Flowers,"S,M,L,XL,XXL",None,https://eg.hm.com/en/buy-relaxed-fit-hoodie-bright-blue-flowers.html
DryMove™ Sports vest top,699,Dark grey,"S,M,L",None,https://eg.hm.com/en/buy-drymovetm-sports-vest-top-dark-grey.html
Fleece trousers,2799,Black,"S,XL,XXL",None,https://eg.hm.com/en/buy-fleece-trousers-black.html
DryMove™ Track pants,1699,Black,"S,M,L,XL",None,https://eg.hm.com/en/buy-drymovetm-track-pants-black-0.html
Slim Jeans,999,Light denim blue,"29/32,31/32,32/32,33/32,34/32,36/32",Casual,https://eg.hm.com/en/buy-slim-jeans-light-denim-blue-2.html
Relaxed Jeans,2499,Denim grey,"29/32,30/32,31/32,32/32,33/32,34/32,36/32",None,https://eg.hm.com/en/buy-relaxed-jeans-denim-grey-0.html
Relaxed Fit Cotton T-shirt,449,White/Plant Based,"S,M,L,XL",None,https://eg.hm.com/en/buy-relaxed-fit-cotton-t-shirt-white-plant-based.html
Regular Fit Puffer jacket,2799,Black,"XS,M,XL",None,https://eg.hm.com/en/buy-regular-fit-puffer-jacket-black.html
Relaxed Fit Sweatshirt,699,Dark green,"XS,S,M",None,https://eg.hm.com/en/buy-relaxed-fit-sweatshirt-dark-green-0.html
Relaxed Fit Hoodie,899,Dark blue,"XS,XXL",None,https://eg.hm.com/en/buy-relaxed-fit-hoodie-dark-blue.html
Baggy Jeans,2499,Dark denim grey,"30/32,31/32,32/32,33/32,34/32",None,https://eg.hm.com/en/buy-baggy-jeans-dark-denim-grey.html
DryMove™ Zip-through sports hoodie,2499,Navy blue,"M,L",Sport,https://eg.hm.com/en/buy-drymovetm-zip-through-sports-hoodie-navy-blue.html
Relaxed Fit Sweatshirt,999,Cream/Stones,"XS,S,L,XL",None,https://eg.hm.com/en/buy-relaxed-fit-sweatshirt-cream-stones.html
Pyjama T-shirt and shorts,799,Dark blue/Eggs,"S,M,L,XL",None,https://eg.hm.com/en/buy-pyjama-t-shirt-and-shorts-dark-blue-eggs.html
Oversized Fit hoodie,1499,Light grey marl,"M,XL",None,https://eg.hm.com/en/buy-oversized-fit-hoodie-light-grey-marl.html
Regular Fit Wool jumper,2799,Dark grey,"XS,S",None,https://eg.hm.com/en/buy-regular-fit-wool-jumper-dark-grey.html
Regular Fit Denim shirt,1999,Light denim blue,"XS,S,M,L,XL",None,https://eg.hm.com/en/buy-regular-fit-denim-shirt-light-denim-blue.html
Regular Fit Waffled pyjamas,1499,Grey marl,"XS,S,M,L,XL",None,https://eg.hm.com/en/buy-regular-fit-waffled-pyjamas-grey-marl.html
Relaxed Fit Flannel shirt,899,Dark green/Checked,"S,M,L,XL,XXL",None,https://eg.hm.com/en/buy-relaxed-fit-flannel-shirt-dark-green-checked.html
Regular Fit Ripstop cargo trousers,1999,Beige,"XS,S,M,L",Casual,https://eg.hm.com/en/buy-regular-fit-ripstop-cargo-trousers-beige.html
DryMove™ Sports vest top,699,Black,"XS,S,M,L,XL,XXL,3XL",None,https://eg.hm.com/en/buy-drymovetm-sports-vest-top-black-1.html
Slim Fit Easy-iron shirt,899,Light blue/Checked,"S,M,L,XL",None,https://eg.hm.com/en/buy-slim-fit-easy-iron-shirt-light-blue-checked.html
Wool-blend coat,3299,Black,"S,M,L,XL",None,https://eg.hm.com/en/buy-wool-blend-coat-black-1.html
Regular Fit Teddy jacket,2499,Light beige,"M,L,XL",None,https://eg.hm.com/en/buy-regular-fit-teddy-jacket-light-beige-0.html
Wool-blend coat,4999,Dark beige,"M,XL",None,https://eg.hm.com/en/buy-wool-blend-coat-dark-beige-0.html
Straight Regular Jeans,2499,Blue,"30/32,32/32,34/32,36/32,38/32",Casual,https://eg.hm.com/en/buy-straight-regular-jeans-blue.html
Straight Regular Jeans,2999,Dark grey,29/32,None,https://eg.hm.com/en/buy-straight-regular-jeans-dark-grey-0.html
Relaxed Fit Jersey top,999,Green/Cream striped,"XS,S,M,L,XL,XXL",None,https://eg.hm.com/en/buy-relaxed-fit-jersey-top-green-cream-striped.html
DryMove™ Sports joggers,1699,Black,"L,XL",None,https://eg.hm.com/en/buy-drymovetm-sports-joggers-black-0.html
Water-repellent puffer gilet,2499,Beige,"S,XXL",None,https://eg.hm.com/en/buy-water-repellent-puffer-gilet-beige.html
Fine-knit jumper,1499,Cream,"L,XL",None,https://eg.hm.com/en/buy-fine-knit-jumper-cream-1.html
Regular Fit Cable-knit cardigan,2499,Black,M,Casual,https://eg.hm.com/en/buy-regular-fit-cable-knit-cardigan-black.html
Loose Fit Cargo trousers,2999,Beige,"30,32,34,36",None,https://eg.hm.com/en/buy-loose-fit-cargo-trousers-beige.html
Relaxed Fit Sweatshirt,1999,White/Snoopy,"S,M,XL",Casual,https://eg.hm.com/en/buy-relaxed-fit-sweatshirt-white-snoopy.html
Pyjama bottoms,749,Light khaki green/Checked,"XS,S,M,L,XL",Lounge,https://eg.hm.com/en/buy-pyjama-bottoms-light-khaki-green-checked.html
3-pack Regular Fit T-shirts,799,Turquoise,"XS,S,M,L,XXL",None,https://eg.hm.com/en/buy-3-pack-regular-fit-t-shirts-turquoise.html
Regular Fit Rib-knit polo shirt,1999,Cream,"XS,S,M,L,XL,XXL",None,https://eg.hm.com/en/buy-regular-fit-rib-knit-polo-shirt-cream.html
DryMove™ Sports hoodie,2499,Red,"S,M,L,XL",None,https://eg.hm.com/en/buy-drymovetm-sports-hoodie-red.html
DryMove™ Sports top,699,Grey,"XS,S,M,L",Sport,https://eg.hm.com/en/buy-drymovetm-sports-top-grey.html
Lightweight puffer jacket,1699,Black,"XS,S",None,https://eg.hm.com/en/buy-lightweight-puffer-jacket-black-0.html
Straight Regular Jeans,2999,Grey,"29/32,38/32",None,https://eg.hm.com/en/buy-straight-regular-jeans-grey.html
Relaxed Fit Jersey top,999,Brown/Cream striped,"XS,S,M,L,XL,XXL",None,https://eg.hm.com/en/buy-relaxed-fit-jersey-top-brown-cream-striped.html
Relaxed Fit Nylon cargo joggers,1999,Black,"XS,S,L,XL,XXL",None,https://eg.hm.com/en/buy-relaxed-fit-nylon-cargo-joggers-black.html
DryMove™ Sports hoodie,2499,Light grey marl/Move,"S,M,L,XL",None,https://eg.hm.com/en/buy-drymovetm-sports-hoodie-light-grey-marl-move.html
Slim Jeans,2799,Denim blue,29/32,Casual,https://eg.hm.com/en/buy-slim-jeans-denim-blue.html
Freefit® Slim Denim shorts,1599,Denim blue,"30,32,34,36,38",None,https://eg.hm.com/en/buy-freefitr-slim-denim-shorts-denim-blue.html
Regular Fit Linen-blend T-shirt,749,Blue,S,None,https://eg.hm.com/en/buy-regular-fit-linen-blend-t-shirt-blue.html
ThermoMove™ Hybrid jacket,2799,Black,"XS,S,M,L,XL,XXL",None,https://eg.hm.com/en/buy-thermomovetm-hybrid-jacket-black-0.html
Sports socks in DryMove™,649,Black/Striped,"40/42,43/45",None,https://eg.hm.com/en/buy-sports-socks-drymovetm-black-striped.html
Relaxed Fit Sweatshirt,649,Light blue,"XS,S,M,L,XL,XXL",Casual,https://eg.hm.com/en/buy-relaxed-fit-sweatshirt-light-blue-0.html
Relaxed Fit Hoodie,1199,White/Butterfly,"XS,S,M,L,XL,XXL",None,https://eg.hm.com/en/buy-relaxed-fit-hoodie-white-butterfly.html
Relaxed Fit Hoodie,1499,Black/Detroit,"XS,S,M,L",None,https://eg.hm.com/en/buy-relaxed-fit-hoodie-black-detroit.html
Relaxed Fit Hoodie,899,Dark brown,"XS,S,M,L,XL,XXL",None,https://eg.hm.com/en/buy-relaxed-fit-hoodie-dark-brown.html
Relaxed Fit Sweatshirt,699,Beige,"XS,S,M,XL",None,https://eg.hm.com/en/buy-relaxed-fit-sweatshirt-beige-0.html
Regular Fit Long-sleeved polo shirt,899,White,"XS,S,M,L,XL",None,https://eg.hm.com/en/buy-regular-fit-long-sleeved-polo-shirt-white.html
Twill shacket,2499,Grey,"XS,S,M,L,XL,XXL",None,https://eg.hm.com/en/buy-twill-shacket-grey.html
Hooded top,1999,Light purple/The Simpsons,"XS,S,M,L,XL,XXL",None,https://eg.hm.com/en/buy-hooded-top-light-purple-simpsons.html
Cotton T-shirt Regular Fit,399,Light grey,"XS,S,M,L,XL,XXL",None,https://eg.hm.com/en/buy-cotton-t-shirt-regular-fit-light-grey.html
DryMove™ Zip-through sports hoodie,2799,Light grey marl,"M,L,XL",None,https://eg.hm.com/en/buy-drymovetm-zip-through-sports-hoodie-light-grey-marl.html
ThermoMove™ Hybrid jacket,3299,Dark khaki green,"S,M,XL",None,https://eg.hm.com/en/buy-thermomovetm-hybrid-jacket-dark-khaki-green.html
DryMove™ Printed sports T-shirt,749,Black,"S,L",None,https://eg.hm.com/en/buy-drymovetm-printed-sports-t-shirt-black.html
DryMove™ Zip-through sports hoodie,2799,Black,"S,M,L,XL",None,https://eg.hm.com/en/buy-drymovetm-zip-through-sports-hoodie-black.html
DryMove™ Zip-through sports hoodie,2799,Dark red/Block-coloured,"S,M,XL",Sport,https://eg.hm.com/en/buy-drymovetm-zip-through-sports-hoodie-dark-red-block-coloured.html
DryMove™ Sports top,699,Red,"S,M",None,https://eg.hm.com/en/buy-drymovetm-sports-top-red.html
DryMove™ Sports hoodie,2499,Navy blue,"S,M,L,XL",None,https://eg.hm.com/en/buy-drymovetm-sports-hoodie-navy-blue.html
DryMove™ Sports top,699,Navy blue,S,None,https://eg.hm.com/en/buy-drymovetm-sports-top-navy-blue.html
Regular Fit Running top,799,Dark khaki green,"S,M,L,XL",Sport,https://eg.hm.com/en/buy-regular-fit-running-top-dark-khaki-green.html
2-pack Long Fit T-shirts,749,Brown/Blue,"XS,S,XXL",None,https://eg.hm.com/en/buy-2-pack-long-fit-t-shirts-brown-blue.html
Relaxed Fit Sweatshirt,699,Light grey marl,"XS,S,M,L,XL,XXL",None,https://eg.hm.com/en/buy-relaxed-fit-sweatshirt-light-grey-marl-0.html
DryMove™ Sports shorts,799,Black,"S,M,L,XL",Sport,https://eg.hm.com/en/buy-drymovetm-sports-shorts-black-2.html
DryMove™ Sports shorts,1099,Grey/Light green,"S,L",None,https://eg.hm.com/en/buy-drymovetm-sports-shorts-grey-light-green.html
Oversized Fit Cotton T-shirt,749,Light beige,"S,M",Casual,https://eg.hm.com/en/buy-oversized-fit-cotton-t-shirt-light-beige.html
Regular Fit Nylon cargo shorts,1099,Black,"XS,L,XL",Casual,https://eg.hm.com/en/buy-regular-fit-nylon-cargo-shorts-black.html
Cotton jersey pyjamas,799,Grey marl,M,None,https://eg.hm.com/en/buy-cotton-jersey-pyjamas-grey-marl.html
Relaxed Fit Cotton T-shirt,499,Light brown/Talk to Me,XS,Casual,https://eg.hm.com/en/buy-relaxed-fit-cotton-t-shirt-light-brown-talk-me.html
Essentials No 6: THE SHIRT,600,White,"XS,S,M,L,XL",Office wear,https://eg.hm.com/en/buy-essentials-no-6-shirt-white-0.html
Sports jacket in DryMove™,1499,Black,"XS,S,M,L,XL,XXL",Sport,https://eg.hm.com/en/buy-sports-jacket-drymovetm-black.html
Relaxed Fit Flannel shirt,449,None,None,None,https://eg.hm.com/en/buy-relaxed-fit-flannel-shirt-beige-black.html
Slim Fit Easy-iron shirt,899,Burgundy,"XS,S,M,L,XL,XXL",Casual,https://eg.hm.com/en/buy-slim-fit-easy-iron-shirt-burgundy.html
Wool-blend base layer top,1199,Black/Light blue,"S,L,XL,XXL",Sport,https://eg.hm.com/en/buy-wool-blend-base-layer-top-black-light-blue.html
Regular Fit Twill cargo trousers,500,Black,XS,Casual,https://eg.hm.com/en/buy-regular-fit-twill-cargo-trousers-black.html
COOLMAX® Regular Fit Shirt,2199,Black,"XS,L,XL,XXL",Work,https://eg.hm.com/en/buy-coolmaxr-regular-fit-shirt-black.html
10-pack cotton mid trunks,2999,Black,"S,M,L,XL,XXL",None,https://eg.hm.com/en/buy-10-pack-cotton-mid-trunks-black.html
Regular Fit Running top,649,Black,"XS,S,M,L,XL",Sport,https://eg.hm.com/en/buy-regular-fit-running-top-black.html
Cargo joggers,1199,Black,"XS,S,M,L,XL,XXL",Casual,https://eg.hm.com/en/buy-cargo-joggers-black.html
